geometry;name;indexOfID;id
POINT(7185113.18949127 677371.071627721);Estacao Urbano Lopes;0;1
POINT(7185409.54140188 677168.626685411);Estacao Jardim Botanico;1;2
POINT(7185711.50724998 675368.293603806);Estacao Rodoferroviaria;2;3
POINT(7185709.33972237 674947.998678925);Estação Mariano Torres;3;4
POINT(7181663.31973182 671512.819255941);Estacao Carlos Dietzsch;4;5
POINT(7182215.32798257 671645.126643739);Estacao Morretes;5;6
POINT(7182542.47021279 671841.742122354);Estacao Vital Brasil;6;7
POINT(7182925.13663348 671993.398595554);Estacao Sebastiao Parana;7;8
POINT(7184339.38975034 672199.209496988);Estacao Silva Jardim;8;9
POINT(7184742.95323186 672487.408476155);Estação Bento Viana - Sta Candida/Capão Raso - Pinheirinho;9;10
POINT(7186352.95309257 674277.106058557);Estação Central - Santa Candida/Capão Raso;10;11
POINT(7185504.36110456 674356.779916354);Estacao Praca Eufrasio Correia;11;12
POINT(7174642.16288748 673430.684158493);null;12;13
POINT(7174778.70682533 672603.807843791);null;13;14
POINT(7175204.50631733 672098.734147799);null;14;15
POINT(7175517.45514122 671725.949914799);null;15;16
POINT(7185137.52994451 673450.843193118);Estacao Osvaldo Cruz;16;17
POINT(7185451.1367875 677644.819270374);null;17;18
POINT(7188692.54225963 673902.287101178);Linha Turismo - Bosque do Papa;18;19
POINT(7188680.40079916 674405.477480253);Linha Turismo - Museu Oscar Niemeyer;19;20
POINT(7188902.88472775 672491.074251996);Linha Turismo - Bosque Alemão;20;21
POINT(7189208.22818488 672207.024969157);Linha Turismo - Bosque Alemão;21;22
POINT(7191289.21400691 673567.798500505);Linha Turismo - Ópera de Arame;22;23
POINT(7192084.58037198 673015.021228696);Linha Turismo - Parque Tanguá;23;24
POINT(7187164.83052668 670408.575326084);Linha Turismo - Parque Barigui;24;25
POINT(7187078.17592955 671565.169954811);Torre Panorâmica;25;26
POINT(7189450.98412856 670476.197298512);Linha Turismo - Memorial Ucraniano;26;27
POINT(7182067.44709101 671144.223594283);São Jorge;27;28
POINT(7182068.76582373 670906.448022671);Interbairros II;28;29
POINT(7182105.32565353 671001.860708109);São Jorge;29;30
POINT(7182239.11008608 671012.197376695);Interbairros II;30;31
POINT(7183167.18115683 670724.910553689);Estação Santa Quitéria;31;32
POINT(7186686.26956652 675826.654993172);null;32;33
POINT(7189841.8959597 672823.667947317);Linea Turismo: Universidade Livre do Meio Ambiente;33;34
POINT(7187068.45404348 674167.711590427);Linha Turismo - Memorial Arabe;34;35
POINT(7184347.21780328 675284.941965008);Linha Turismo -Teatro Paiol;35;36
POINT(7186105.56459521 673579.170797962);Linha Turismo - Prace Tiradentes;36;37
POINT(7186494.65132794 674495.957113145);Linha Turismo - Teatro Guaria;37;38
POINT(7186631.93941558 673562.046501858);Linha Turismo -Setor Historico;38;39
POINT(7184996.75894079 676893.231553313);Linha Turismo - Jardim Botanico;39;40
POINT(7185806.0917506 673432.498387177);Linha Turismo - Rua das Flores;40;41
POINT(7185735.49253027 675325.068378218);Linha Turismo - Mercado Municipal;41;42
POINT(7186797.19454197 675531.722777009);Rua Almirante Tamandaré, 800;42;43
POINT(7186632.4616212 675565.936774074);Mal. Deodoro, 1800;43;44
POINT(7176673.93458296 677880.377630263);Terminal Boqueirão;44;45
POINT(7175574.13772891 677173.435826451);Estação Tubo Araçá;45;46
POINT(7180160.39362006 666739.386269631);null;46;47
POINT(7180742.66710143 666942.862820312);Linha Porto Belo;47;48
POINT(7180494.62246767 666872.881471424);null;48;49
POINT(7180310.60706628 666830.678391912);null;49;50
POINT(7180126.74949909 666516.881260745);null;50;51
POINT(7180387.85211139 666399.305831276);null;51;52
POINT(7180607.35866125 666349.173220029);null;52;53
POINT(7180730.9968589 667190.043094053);null;53;54
POINT(7179008.88202154 673892.915559669);Estação Xaxim;54;55
POINT(7190872.98281483 677482.809130027);Estação Fernando de Noronha - Santa Candida/Capão Raso;55;56
POINT(7191292.05901673 677847.368214039);Estação Joaquim Nabuco - Santa Candida/Capão Raso;56;57
POINT(7189297.73992654 676130.338647638);Estação Antonio Cavalheiros - Sta Candida/Capão Raso;57;58
POINT(7185304.0729779 673867.613740737);Estação Alferes Poli - Sta Candida/Capão Raso;58;59
POINT(7185504.89334641 674355.891534147);Estação Praça Eufrasio Correa - Sta Candida/Capão Raso - Pinhais/Rui Barbosa - Centenário/Campo Comprido;59;60
POINT(7186166.40575523 671341.864163706);Estação-tubo Bruno Filgueira;60;115
POINT(7187033.05769922 674191.639392802);Estação Passeio Público - Santa Candida/Capão Raso;61;61
POINT(7187475.33829887 674553.116915276);Estação Maria Clara - Sta Candida/Capão Raso;62;62
POINT(7183904.12853959 672203.375214682);Estação Petit Carneiro - Sta Candida/Capão Raso - Pinheirinho;63;63
POINT(7184936.92797848 672959.539446506);Estação Coronel Dulcidio - Sta Candida/Capão Raso - Pinheirinho;64;64
POINT(7185081.74466126 673310.671337109);Estação Praça Oswaldo Cruz - Sta Candida/Capão Raso - Pinheirinho;65;65
POINT(7181676.92318131 671513.757761333);Estação Carlos Dietzch;66;66
POINT(7182542.76322121 671842.218568039);Estação Vital Brasil;67;67
POINT(7182926.09286542 671992.264317124);Estação Sebastião Paraná;68;68
POINT(7179963.9762875 671508.526674703);Estação-tubo Herculano de Araújo;69;69
POINT(7180346.82816132 671564.675467988);Estação-tubo Hospital do Trabalhador;70;70
POINT(7180729.32750235 671691.504344592);Estação Itajubá - Sta Candida/Capão Raso - Pinheirinho - Circular Sul;71;71
POINT(7181261.34388864 671695.510891565);Terminal Portão;72;72
POINT(7179030.30978783 672238.20345486);Interbairros II Sent Hauer - Alto Boqueirão - Xaxim/Capão Raso - Sent Bairro;73;73
POINT(7179040.51696375 672528.52027588);Interbairros II Sent Hauer - Alto Boqueirão - Xaxim/Capão Raso - Sent Bairro;74;74
POINT(7179057.33611644 672887.958546799);Interbairros II Sent Hauer - Alto Boqueirão - Xaxim/Capão Raso - Sent Bairro;75;75
POINT(7179069.39380929 673158.333020714);Interbairro II Sent Hauer;76;76
POINT(7179235.80857516 672775.912028012);Interbairros II - Alto Boqueirão - Xaxim/Capão Raso - Sent Capão Raso;77;77
POINT(7179215.91289965 672405.641016989);Interbairros II - Alto Boqueirão - Xaxim/Capão Raso - Sent Capão Raso;78;78
POINT(7179177.47851666 671806.440327648);Interbairros II - Alto Boqueirão - Xaxim/Capão Raso - Fanny - Sent Capão Raso;79;79
POINT(7179567.66066429 672084.382117453);Interbairros II Sent Hauer - Alto Boqueirão - Xaxim/Capão Raso - Sent Bairro;80;80
POINT(7179347.86606972 672239.053896589);Interbairros II Sent Hauer - Alto Boqueirão - Xaxim/Capão Raso - Sent Bairro;81;81
POINT(7179140.51181953 673175.974460719);Interbairros II - Sent Capão Raso;82;82
POINT(7178690.28223412 671313.677508041);Estação-tubo José Clementino Bettega;83;83
POINT(7178258.31911583 671309.371567742);Estação-tubo Santa Regina;84;84
POINT(7177779.48866114 671314.960277243);Estação Ouro Verde - Pinheirinho - Circular Sul;85;85
POINT(7179122.53204472 671472.002406209);Estação Pedro Gusso - Pinheirinho - Circular Sul;86;86
POINT(7183533.66908467 674249.866298511);null;87;87
POINT(7183834.49162667 671106.204102524);null;88;88
POINT(7183659.35904155 671289.578414588);null;89;89
POINT(7183972.25213583 671461.67985879);null;90;90
POINT(7185509.40892695 674518.100353659);Ponto Aeroporto Executivo;91;91
POINT(7184221.25771423 670821.590077006);null;92;92
POINT(7184249.15715498 671031.562661749);null;93;93
POINT(7185673.80845007 673595.65547395);Praça Rui Barbosa;94;94
POINT(7178418.49760613 677179.387100683);Terminal do Carmo;95;95
POINT(7181668.04291538 675788.991893998);Estação-tubo Roberto Hauer;96;96
POINT(7183963.01913205 674804.828227813);Estação-tubo Conselheiro Dantas;97;97
POINT(7184408.92719755 674616.65928354);Estação-tubo Almirante Gonçalves;98;98
POINT(7184716.3633865 674469.094327283);Estação Getúlio Vargas;99;99
POINT(7185405.54059082 674186.194394269);Estação-tubo UTFPR;100;100
POINT(7185936.25245618 673985.319392914);Estação-tubo Praça Carlos Gomes;101;101
POINT(7176337.21541642 671340.990243859);Estação-tubo Winston Churchill;102;102
POINT(7187879.91514077 674905.705275427);Estação-tubo Constantino Marochi;103;103
POINT(7188204.52313566 675184.927800406);Estação-tubo Moysés Marcondes;104;104
POINT(7188576.59448703 675508.512869642);Estação-tubo Bom Jesus;105;105
POINT(7191591.89120085 678105.35798472);Estação-tubo Joaquim Nabuco;106;106
POINT(7185216.23161291 666646.827276252);Estação-tubo U. S. Campo Comprido;107;107
POINT(7185364.09464286 667356.626852667);Estação-tubo U. S. Campo Comprido;108;108
POINT(7185477.57148782 667663.336839775);Estação-tubo Mossunguê;109;109
POINT(7185713.42676686 668090.02334471);Estação-tubo São Grato;110;110
POINT(7185584.04775607 668563.802003777);Estação-tubo Paulo Gorski;111;111
POINT(7185393.14982102 669190.058690059);Estação-Tubo Rio Barigui;112;112
POINT(7185532.09892764 669576.558254666);Estação-tubo Major Heitor Guimarães;113;113
POINT(7186034.28543321 671011.83657393);Estação-tubo Bigorrilho;114;114
POINT(7186341.45136775 671741.701157996);Estação-tubo Praça da Ucrânia;115;116
POINT(7186514.16611781 672215.260557169);Estação-tubo Presidente Taunay;116;117
POINT(7186424.07273765 672632.806681714);Estação-tubo Brigadeiro Franco;117;118
POINT(7186217.00976497 673137.971375886);Estação-tubo Visconde de Nácar;118;119
POINT(7185947.95531404 673290.818872783);Estação-tubo Praça Osório;119;120
POINT(7185730.36024984 673574.577913407);Estação Tubo Praça Rui Barbosa;120;121
POINT(7185632.67788562 673601.329983721);Estação-tubo Praça Rui Barbosa;121;122
POINT(7185711.04411493 675974.712028012);Estação-tubo Viaduto Capanema;122;123
POINT(7184994.45045859 677956.214799724);Estação-tubo Del. Amazor Prestes;123;124
POINT(7185308.1834558 678417.991232294);Estação-tubo Prof. Maria Aguiar Teixeira;124;125
POINT(7184936.7576449 679265.927677406);Estação-tubo Germânia;125;126
POINT(7184821.47397899 679609.28210116);Estação-tubo Pastor Manoel V. de Souza;126;127
POINT(7184757.07278552 680132.068943258);Estação-tubo Paulo Kissula;127;128
POINT(7184810.906969 680685.35620683);Estação-tubo Vila Nova;128;129
POINT(7184389.28202671 679347.148321567);Estação-tubo A. Meirelles Sobrinho;129;130
POINT(7183822.58588246 679547.307925091);Terminal Oficinas;130;131
POINT(7183253.27149791 679723.434926102);null;131;132
POINT(7182904.01467218 679838.500884638);Estação-tubo Cajuru;132;133
POINT(7182372.58636071 680033.42436302);Estação-tubo Catulo da Paixão Cearense;133;134
POINT(7186406.99454178 675182.345623621);Tubo Praça Expedicionário;134;135
POINT(7186464.91986679 675209.872374687);Tubo Praça Expedicionário;135;136
POINT(7187617.09607415 680956.999552935);null;136;137
POINT(7187612.49270636 680979.606193497);null;137;138
POINT(7187382.29950847 681072.850812892);null;138;139
POINT(7187409.48826716 681046.494444057);null;139;140
POINT(7186714.00637668 675587.506951353);Rua XV de Novembro;140;141
POINT(7183597.49308942 677894.020403562);Ponto n. 140.289;141;142
POINT(7180327.43647293 678628.421205397);null;142;143
POINT(7179383.5878533 678883.906707807);null;143;144
POINT(7179367.6324771 678870.772412889);null;144;145
POINT(7179517.60232186 671585.296356031);Terminal Capão Raso;145;146
POINT(7179513.75873321 671570.556873551);Terminal Capão Raso;146;147
POINT(7185844.61662617 670568.547361565);Estação-tubo Gastão Câmara;147;148
POINT(7187856.14641992 673112.694238563);Estação Praça das Bandeiras;148;149
POINT(7187952.77139217 674404.650466392);Estação Centro Cívico;149;150
POINT(7187965.1567578 674257.069792321);Estação Centro Cívico;150;151
POINT(7188081.42121585 673084.830902389);Estação Rua Teffé;151;152
POINT(7185477.97602153 674691.942951903);POSTO PARIS;152;153
POINT(7183675.32699534 675729.311552356);PUC Portão 01;153;154
POINT(7181799.65494324 677295.435382812);Rua Coronel Francisco Heráclito dos Santos 2600;154;155
POINT(7185039.65453028 674907.507041713);null;155;156
POINT(7184708.09504961 675059.30834801);null;156;157
POINT(7184494.73557305 675121.754455161);null;157;158
POINT(7184069.10805771 675311.340662727);null;158;159
POINT(7184018.58441439 675599.510124353);null;159;160
POINT(7183199.16828028 675871.704341331);null;160;161
POINT(7182929.44055564 676114.176452465);null;161;162
POINT(7182659.23315947 676373.338005451);null;162;163
POINT(7182503.38705148 676504.658103092);null;163;164
POINT(7182345.54206667 676696.705109852);null;164;165
POINT(7181952.65452101 676988.758851241);null;165;166
POINT(7184159.73105386 671928.935969076);null;166;167
POINT(7188106.56173835 673684.293787415);null;167;168
POINT(7188018.72249577 673399.527095377);null;168;169
POINT(7188542.70218535 673440.744629824);null;169;170
POINT(7188743.61755949 673236.778109743);null;170;171
POINT(7188380.49147424 673962.29919696);null;171;172
POINT(7188042.74357208 674052.642145614);null;172;173
POINT(7187979.4635528 674027.805340849);null;173;174
POINT(7187809.74117517 674276.271985043);null;174;175
POINT(7187869.26714856 674143.007771773);null;175;176
POINT(7188098.50465822 674460.493139542);null;176;177
POINT(7188260.18507895 674525.307835654);null;177;178
POINT(7188174.64633707 674890.689065367);null;178;179
POINT(7187908.05863385 675101.75598773);null;179;180
POINT(7181982.35776912 679636.016932045);null;180;181
POINT(7182001.2235178 679669.187380576);null;181;182
POINT(7181375.35516775 680068.042114355);null;182;183
POINT(7181398.89603943 680092.907415536);null;183;184
POINT(7181676.74921261 679279.299222702);null;184;185
POINT(7181700.34695374 679280.158181795);null;185;186
POINT(7180835.54081929 679450.067621104);null;186;187
POINT(7182099.85052498 677739.904503328);Avenida Comendador Franco 4000;187;188
POINT(7181739.33721222 677972.394374083);Avenida Comendador Franco 4500;188;189
POINT(7181538.70090864 678101.412160494);Avenida Comendador Franco 4700;189;190
POINT(7181274.05570222 678273.219779544);Avenida Comendador Franco 5000;190;191
POINT(7181008.85516854 678442.428450461);Avenida Comendador Franco 5300;191;192
POINT(7180581.23395567 678717.134289414);Avenida Comendador Franco 6000;192;193
POINT(7180266.27802832 678920.614171886);Avenida Comendador Franco 6300;193;194
POINT(7179952.62330269 679122.603237584);Avenida Comendador Franco 6700;194;195
POINT(7179680.25301235 679296.708794727);Avenida Comendador Franco 7000;195;196
POINT(7179373.87955493 679496.333776585);Avenida Comendador Franco 7300;196;197
POINT(7180841.55310884 678550.416029965);null;197;198
POINT(7178966.69829198 679740.204735048);null;198;199
POINT(7186064.53841758 669834.599864671);null;199;200
POINT(7186350.90891244 669300.191428288);null;200;201
POINT(7186439.35638869 668737.42839125);null;201;202
POINT(7186455.30508667 668557.928672413);null;202;203
POINT(7186717.77575866 668471.097042786);null;203;204
POINT(7187050.28677003 668512.775994261);null;204;205
POINT(7187422.59916104 668548.487121674);null;205;206
POINT(7187329.61154002 668857.637963592);null;206;207
POINT(7187101.28498889 668895.781989894);null;207;208
POINT(7186340.63165688 668756.427315951);null;208;209
POINT(7186308.42044195 669311.857932076);null;209;210
POINT(7185894.80090793 669955.821772806);null;210;211
POINT(7188491.09077247 674443.829800085);Museu Oscar Niemeyer;211;212
POINT(7178979.1196254 676929.228112289);null;212;213
POINT(7176215.40269621 678122.167225984);null;213;214
POINT(7182680.38610418 675344.992155654);Estação-tubo Parolin;214;215
POINT(7181244.93242935 675973.032365613);Estação-tubo Pádua Fleury;215;216
POINT(7182686.0892309 675361.259378937);Estação-tubo Parolin;216;217
POINT(7183639.62733471 674949.633147122);Estação João Vianna Seile;217;218
POINT(7179594.92876513 676667.397199548);null;218;219
POINT(7182274.50018606 675547.662924181);Estação-tubo Ferrovila;219;220
POINT(7181641.46237631 675807.760892678);null;220;221
POINT(7180010.61923184 676489.21973244);Estação-tubo Passarela;221;222
POINT(7180132.67269877 676449.017737884);Estação-tubo Passarela;222;223
POINT(7182267.76964828 675529.501927346);Estação-tubo Ferrovila;223;224
POINT(7183524.58631762 674986.986030662);Estação João Vianna Seile;224;225
POINT(7176212.3232656 678112.153777471);null;225;226
POINT(7181525.9358932 675841.311930391);null;226;227
POINT(7179707.53631747 676631.125985312);null;227;228
POINT(7183112.02794597 675165.043720733);Estação-tubo TRE;228;229
POINT(7177747.18881635 677460.589403846);null;229;230
POINT(7177274.51463516 677671.925743232);null;230;231
POINT(7181126.38448437 676012.202758602);Estação Pádua Fleury;231;232
POINT(7184282.93791362 674665.372063277);Estação-tubo Almirante Gonçalves;232;233
POINT(7177139.28771809 677717.591112165);null;233;234
POINT(7183224.93128761 675126.861201032);Estação-tubo TRE;234;235
POINT(7184843.79046447 674439.227123413);Estação Getúlio Vargas;235;236
POINT(7179093.58911759 676892.985763195);null;236;237
POINT(7183851.29346753 674848.804854812);Estação-tubo Conselheiro Dantas;237;238
POINT(7177862.75991709 677422.48016364);null;238;239
POINT(7190347.85582321 677027.210469234);Terminal Boa Vista;239;240
POINT(7190337.30306099 677033.542201739);Terminal Boa Vista;240;241
POINT(7190864.91995538 677491.015349385);Estação Fernando de Noronha - Santa Candida/Capão Raso;241;242
POINT(7189691.93664345 676464.993068418);Estação Holanda - Sta Candida/Capão Raso;242;243
POINT(7190030.10193565 676755.809302632);Estação Gago Coutinho - Sta Candida/Capão Raso;243;244
POINT(7189735.61011065 676518.869593929);Estação Holanda - Sta Candida/Capão Raso;244;245
POINT(7190022.21915758 676762.991296398);Estação Gago Coutinho - Sta Candida/Capão Raso;245;246
POINT(7177865.98353402 672481.490340795);Vila São Pedro - Pinheirinho/Carlos Gomes;246;247
POINT(7177879.5963022 672467.108138152);Vila São Pedro - Pinheirinho/Carlos Gomes;247;248
POINT(7183122.23782044 676003.327865995);Puc;248;249
POINT(7184186.20921733 677439.390990889);UFPR;249;250
POINT(7183761.63507416 676756.064834411);Avenida Das Torres;250;251
POINT(7183121.46177996 676021.924742426);Puc;251;252
POINT(7184191.61838851 677414.909132163);UFPR;252;253
POINT(7183780.27926946 676745.246429433);Avenida Das Torres;253;254
POINT(7182709.41624688 671817.231518468);null;254;255
POINT(7184495.1309264 672901.696707002);null;255;256
POINT(7181498.14109119 673962.245648278);Lindoia;256;257
POINT(7183411.92708026 669901.845670196);Rua João Alencar Guimarães, 741;257;258
POINT(7183953.61606401 669966.445724395);Ponto Final 265-Ahú/Los Angeles;258;259
POINT(7183500.08921063 670182.982134821);null;259;260
POINT(7183569.50925216 670408.586232594);null;260;261
POINT(7184091.63287983 677905.587498705);Estudantes;261;262
POINT(7183524.84400248 677601.184770486);null;262;263
POINT(7183818.02536204 678040.281210209);null;263;264
POINT(7183731.1994528 677750.691796998);Estudantes;264;265
POINT(7183150.49857651 670770.872314664);null;265;266
POINT(7185798.89952635 673700.688266325);null;266;267
POINT(7185786.52137964 673672.712853716);null;267;268
POINT(7185790.41052898 673726.5726928);Fazendinha - 701;268;269
POINT(7185766.96824784 673670.960822184);Cotolengo - 778;269;270
POINT(7185535.17454793 676662.953221604);Estação Hospital Cajuru;270;271
POINT(7184344.78381502 672453.56924453);Estação Água Verde;271;272
POINT(7184183.89867559 672532.15849755);Estação Água Verde;272;273
POINT(7184849.55632848 674205.328313765);Estação Desembargador Westphalen;273;274
POINT(7185044.23396222 674182.809798197);Estação Des. Westphalen;274;275
POINT(7186115.07336016 674611.147698321);Estação Guadalupe;275;276
POINT(7185940.69235445 674678.663742331);Estação Guadalupe;276;277
POINT(7183828.30152581 678027.311429135);Estação Jardim das Américas;277;278
POINT(7181690.4327401 677237.379357776);Estação Salgado Filho;278;279
POINT(7186230.13102842 679942.030622378);Estação Detran;279;280
POINT(7186417.58318053 678544.729407235);Estação Colégio Militar;280;281
POINT(7186775.66639169 676809.673465323);Estação Praça das Nações;281;282
POINT(7188480.37140532 676243.211464115);Estação Agrárias;282;283
POINT(7187696.03956265 674174.858293388);Estação Prefeitura;283;284
POINT(7187694.08862102 674201.414633459);Estação Prefeitura;284;285
POINT(7187222.74287059 671853.193768666);Estação Tubo Praça das Mercês;285;286
POINT(7185752.69279716 670255.976806807);Terminal Campina do Siqueira;286;287
POINT(7185746.0691261 674938.367606346);Estação Rodoferroviária;287;288
POINT(7184324.26402056 675206.022855045);Estação Teatro Paiol;288;289
POINT(7181481.44840431 673966.292770743);null;289;290
POINT(7183502.97571526 678391.094176491);null;290;291
POINT(7184050.73067641 678181.638860309);null;291;292
POINT(7183312.15323204 677424.662712374);null;292;293
POINT(7183282.10008914 677404.299543084);null;293;294
POINT(7183518.47975235 677937.348891278);null;294;295
POINT(7183684.29654608 678318.350757806);null;295;296
POINT(7183655.11814455 678313.104362801);null;296;297
POINT(7186856.71026079 674076.270045166);Circular Centro (Anti);297;298
POINT(7186873.48688688 674077.69491167);Estudantes;298;299
POINT(7186887.94807721 674079.975078343);Ctba / Rio Branco do Sul;299;300
POINT(7187110.04307726 674066.929504801);Praça 19 de Dezembro;300;301
POINT(7186136.35943213 674734.227737076);null;301;302
POINT(7185616.66944882 674932.515428427);null;302;303
POINT(7185769.76347057 674530.320004059);null;303;304
POINT(7183017.65718135 677714.695693227);null;304;305
POINT(7182789.98482228 677604.571389587);null;305;306
POINT(7183231.03716777 677809.788119602);null;306;307
POINT(7183494.56505922 677886.931127124);null;307;308
POINT(7183219.76245441 677769.436452445);null;308;309
POINT(7183738.38452314 678397.37563397);null;309;310
POINT(7184747.0627127 677047.092037611);null;310;311
POINT(7184772.32464032 677247.351856953);null;311;312
POINT(7184039.89046224 676547.477237811);null;312;313
POINT(7184532.95265256 676412.611502739);null;313;314
POINT(7184916.53807251 675932.269908146);null;314;315
POINT(7184628.87605556 676117.353719801);null;315;316
POINT(7184852.82786309 676007.994426694);null;316;317
POINT(7186323.57438326 679696.217552678);null;317;318
POINT(7186248.60949281 679682.527383632);null;318;319
POINT(7183862.77237183 678017.791144566);null;319;320
POINT(7184665.71021574 678729.105142861);null;320;321
POINT(7184672.340133 678714.61771618);null;321;322
POINT(7185819.23447782 679699.955617987);null;322;323
POINT(7184333.75287735 678509.640061096);null;323;324
POINT(7184023.51314195 678409.639693741);null;324;325
POINT(7184367.8643907 678466.388016284);null;325;326
POINT(7185802.44522154 679711.058421358);null;326;327
POINT(7184313.37485176 678608.932039544);null;327;328
POINT(7183533.0270537 677617.386459328);null;328;329
POINT(7183042.72797449 677135.712913456);null;329;330
POINT(7185555.7713827 674685.039193011);null;330;331
POINT(7185537.74388982 670837.666409504);null;331;332
POINT(7186552.44104155 672522.397222179);Estação Praça 29 de Março;332;333
POINT(7186561.9231271 672523.344064978);Estação Praça 29 de Março;333;334
POINT(7182953.84813922 678630.84713878);null;334;335
POINT(7182571.30961357 678357.741855474);null;335;336
POINT(7182988.79223223 678123.90062866);null;336;337
POINT(7182825.53334946 678305.546646252);null;337;338
POINT(7183261.18008413 678500.868856422);null;338;339
POINT(7188298.5927736 675273.138418782);null;339;340
POINT(7190133.57669928 676854.340306639);null;340;341
POINT(7181481.44840431 673966.292770743);Lindoia;341;342
POINT(7179996.69740107 673201.062271216);Guilhermina - 561;342;343
POINT(7181868.61098122 677931.118222001);null;343;344
POINT(7181558.77873811 678129.516499257);null;344;345
POINT(7181329.71640876 678275.690540574);null;345;346
POINT(7181149.04733412 678395.059910642);null;346;347
POINT(7180858.97608123 678583.954989484);null;347;348
POINT(7180641.5196037 678722.554888083);null;348;349
POINT(7180394.06076493 678963.01890287);null;349;350
POINT(7180344.64047621 678914.733055779);null;350;351
POINT(7179910.88137034 679191.026457211);null;351;352
POINT(7179695.65160519 679332.350750903);null;352;353
POINT(7179396.28110494 679459.178283261);null;353;354
POINT(7179373.41991342 679546.282285698);null;354;355
POINT(7179361.64031038 679435.807764717);null;355;356
POINT(7179223.68523993 679699.927249648);null;356;357
POINT(7183392.91593301 671269.266157201);null;357;358
POINT(7183296.11610086 671367.771441084);null;358;359
POINT(7183485.81181756 671407.682660144);null;359;360
POINT(7183040.71379704 671314.006633317);null;360;361
POINT(7182991.96755432 671199.663505905);null;361;362
POINT(7183434.11988211 670726.329765198);null;362;363
POINT(7182919.32199085 671862.898722379);null;363;364
POINT(7183304.98286292 671940.049510934);null;364;365
POINT(7183631.22955697 672005.105983538);null;365;366
POINT(7183585.02990852 671308.945536991);null;366;367
POINT(7181374.31461103 673557.585716525);Estação Tubo Antero de Quental - Hauer;367;368
POINT(7181122.28323368 672449.214590206);Estação Tubo Wenceslau Braz - Sentido Terminal Portão;368;369
POINT(7181089.94027079 672440.974371905);Estação Tubo Wenceslau Braz sentido Hauer;369;370
POINT(7181402.86878775 673550.393356004);Estação Tubo Antero de Quental - Portão;370;371
POINT(7181245.34681363 672934.33464419);Estação Tubo Dom Ático - Sentido Terminal Portão;371;372
POINT(7181218.10500793 672943.737390064);Estação Tubo Dom Ático - Sentido Hauer;372;373
POINT(7183265.18327331 673946.761952271);null;373;374
POINT(7183317.16172745 674034.839709658);null;374;375
POINT(7184128.76593007 674503.010238604);null;375;376
POINT(7182409.42997671 668212.145293133);Rua José Gonçalves Jr, 182;376;377
POINT(7182409.51055357 668227.784719047);Rua José Gonçalves Júnior, 182;377;378
POINT(7183390.04082812 669888.372518396);Rua João Alencar Guimarães, 741;378;379
POINT(7184232.94710063 674968.99441449);null;379;380
POINT(7183807.58886859 674501.03215348);null;380;381
POINT(7183751.40524597 679187.04254219);null;381;382
POINT(7184028.50658615 675480.547159514);null;382;383
POINT(7183830.8204309 678622.459246265);null;383;384
POINT(7183687.58004891 675787.609072144);null;384;385
POINT(7183697.98796561 674358.005888046);null;385;386
POINT(7183946.42260294 678869.672570621);null;386;387
POINT(7184079.61305402 676900.052702894);null;387;388
POINT(7183468.89623609 676902.513975039);null;388;389
POINT(7183809.39311605 679158.798673007);null;389;390
POINT(7183961.63585843 675485.606308615);null;390;391
POINT(7182973.50474015 673649.574863793);null;391;392
POINT(7183315.29314754 675975.689285118);null;392;393
POINT(7184110.64521442 676561.334399957);null;393;394
POINT(7184112.67563467 676447.507291741);null;394;395
POINT(7182542.79220237 673201.864849854);Praça Bento M. da Rocha Neto;395;396
POINT(7184081.10265293 675315.852870107);null;396;397
POINT(7184063.50095708 675717.612619636);null;397;398
POINT(7184064.45039982 675070.931184816);null;398;399
POINT(7183485.82913306 679303.277127939);null;399;400
POINT(7184229.711771 674846.739766699);null;400;401
POINT(7183819.79538031 674429.696657612);null;401;402
POINT(7183865.97634974 678684.607056402);null;402;403
POINT(7183843.51480821 675728.317938393);PUC;403;404
POINT(7182733.40027494 673399.633841267);null;404;405
POINT(7182651.40364633 673350.287288358);null;405;406
POINT(7184087.47186493 675013.234299508);null;406;407
POINT(7183996.34959571 675722.938524426);null;407;408
POINT(7183564.41509606 674260.726440646);null;408;409
POINT(7184093.54526871 675492.724458138);null;409;410
POINT(7183961.21201566 679027.429261798);null;410;411
POINT(7182116.52266744 672763.402828851);null;411;412
POINT(7181167.70131262 669995.102968424);null;412;413
POINT(7182068.3928586 672751.729563576);null;413;414
POINT(7181272.0068671 671889.380765539);null;414;415
POINT(7181738.49278129 672391.681464178);null;415;416
POINT(7181399.94060737 670780.265328122);null;416;417
POINT(7181618.63592011 672283.056884894);null;417;418
POINT(7181546.54665185 672172.886219666);null;418;419
POINT(7181096.37307139 669844.504130808);null;419;420
POINT(7181739.28194809 672372.543834937);null;420;421
POINT(7182272.25656058 672961.52362436);null;421;422
POINT(7181269.36969845 670353.245242386);null;422;423
POINT(7181948.45309747 672586.981183683);null;423;424
POINT(7181883.07542792 672559.709689926);null;424;425
POINT(7181324.67517896 670561.096096459);null;425;426
POINT(7182344.46484323 672999.415768893);null;426;427
POINT(7181110.60234363 669844.141602129);null;427;428
POINT(7181391.66939737 670819.007147338);null;428;429
POINT(7181328.36132564 670523.925091733);null;429;430
POINT(7181417.39196434 672078.164241776);null;430;431
POINT(7190561.25658814 676734.003337048);null;431;432
POINT(7190570.09606627 676449.081330179);null;432;433
POINT(7190533.42721299 676400.013626467);null;433;434
POINT(7186736.07670834 675373.868197016);null;434;435
POINT(7183864.60234139 672904.639153066);null;435;436
POINT(7183820.62675067 672974.569882763);null;436;437
POINT(7185467.54443503 672035.232825249);null;437;438
POINT(7183395.26656589 672128.665660943);Dom Pedro I;438;439
POINT(7183397.53416127 672118.586657184);Dom Pedro I;439;440
POINT(7182759.62713857 677616.399163968);null;440;441
POINT(7183042.7009642 677773.575013794);null;441;442
POINT(7182935.18034935 678013.949483623);null;442;443
POINT(7182978.13779491 677890.958967558);null;443;444
POINT(7183979.08958923 679037.666373017);null;444;445
POINT(7186506.62004373 674327.74340164);Hugo Lange - 374;445;446
POINT(7186518.02819775 674358.656045151);Sagrado Coração - 375;446;447
POINT(7186511.05036286 674338.06247023);Augusto Stresser - 361;447;448
POINT(7186544.07808544 674419.718707109);CTBA/PIRAQUARA/DIRETO - 426;448;449
POINT(7186514.13699373 674348.62565644);Higienópolis - 371;449;450
POINT(7186345.95414738 673778.89611851);null;450;451
POINT(7186521.59529101 673746.251534396);Praça Tiradentes;451;452
POINT(7186418.99664591 673782.196163106);null;452;453
POINT(7186436.72747059 673850.221615004);B. Alto / Sta. Felicidade;453;454
POINT(7186542.65025824 673819.380818565);Praça Tiradentes;454;455
POINT(7186339.17925964 673855.4666996);null;455;456
POINT(7186429.80213681 673917.002169547);null;456;457
POINT(7186426.84857488 673813.202822025);null;457;458
POINT(7186532.77752919 673784.44432996);Praça Tiradentes;458;459
POINT(7186484.36148206 673721.343155155);null;459;460
POINT(7185070.78977658 675703.8746197);null;460;461
POINT(7185717.05826963 674833.528860101);null;461;462
POINT(7185889.95222608 674939.69057485);null;462;463
POINT(7186711.80842573 674623.289242306);null;463;464
POINT(7185902.5966316 674845.926282032);null;464;465
POINT(7185963.32828939 674798.420057275);null;465;466
POINT(7185025.7763968 675739.437953876);null;466;467
POINT(7185605.22419136 675003.940725148);null;467;468
POINT(7186188.15364482 674833.601849624);null;468;469
POINT(7186542.74985111 674583.202131469);null;469;470
POINT(7186297.99262101 674673.255385436);null;470;471
POINT(7186415.64791269 674738.740046066);null;471;472
POINT(7185134.96659578 675312.903645262);null;472;473
POINT(7185069.36006493 675159.336037964);null;473;474
POINT(7184927.16511092 675260.273582444);null;474;475
POINT(7186755.72016812 679545.407609109);null;475;476
POINT(7187174.29267193 679392.866155987);null;476;477
POINT(7187190.14420289 679371.486804008);null;477;478
POINT(7186930.69139743 679465.711364902);null;478;479
POINT(7186759.7496189 679524.947492366);null;479;480
POINT(7187615.36088263 679243.854353976);null;480;481
POINT(7187617.22307453 679225.527134706);null;481;482
POINT(7186413.6497849 674847.908135161);null;482;483
POINT(7183421.293178 670236.705748934);null;483;484
POINT(7183891.65983142 670546.082546556);null;484;485
POINT(7183180.63370005 670734.214227073);null;485;486
POINT(7183163.39612439 670739.395531308);null;486;487
POINT(7183149.55248808 670710.353936852);null;487;488
POINT(7184021.62056018 670140.680772169);null;488;489
POINT(7184054.73679319 670144.812553588);null;489;490
POINT(7184017.24299714 670447.782208234);null;490;491
POINT(7184024.62778482 670428.966680151);null;491;492
POINT(7183691.69778381 670547.571645137);null;492;493
POINT(7184688.82246719 670543.056429683);Ponto Final 380-Detran/Vicente Machado;493;494
POINT(7184767.00607237 670520.141098189);null;494;495
POINT(7184790.60336327 670451.276989034);null;495;496
POINT(7182862.8677448 667166.452123562);Ponto Final 777-Vila Velha;496;497
POINT(7183983.50682745 670593.418123932);null;497;498
POINT(7184207.23723014 670534.919291277);null;498;499
POINT(7182963.40688315 677226.804163354);null;499;500
POINT(7187484.7443457 674153.886417169);Estação Comendador Fontana;500;501
POINT(7186453.4148821 678410.415207666);null;501;502
POINT(7186432.60140676 678360.13776312);null;502;503
POINT(7186405.24940016 678742.183759398);null;503;504
POINT(7186379.46539648 678730.803947134);null;504;505
POINT(7186372.27964016 679017.200899806);null;505;506
POINT(7186334.31646801 679306.476588475);null;506;507
POINT(7186336.12835242 679038.861707426);null;507;508
POINT(7186302.71935379 679292.392242794);null;508;509
POINT(7186275.82697414 679767.148346101);null;509;510
POINT(7186111.56516469 679962.623643409);null;510;511
POINT(7186101.05880411 679846.386205632);null;511;512
POINT(7185937.51569329 679545.837994616);null;512;513
POINT(7185850.73863605 679830.083258712);null;513;514
POINT(7185638.50266543 679576.794614382);null;514;515
POINT(7185546.70553948 679579.901555271);null;515;516
POINT(7186362.35111134 673549.435133667);Praça Santos Dumont;516;517
POINT(7185148.06856109 678927.198966358);Interbairros II;517;518
POINT(7185207.78957095 678807.964301366);022 - Inter 2;518;519
POINT(7183059.79390418 673033.0923559);null;519;520
POINT(7183477.44586414 672781.373645843);null;520;521
POINT(7183185.85611939 672545.110260134);null;521;522
POINT(7184747.13729275 680133.544977291);Estação Tubo Paulo Kissula;522;523
POINT(7182480.26928479 673176.657745914);Praça Bento M. da Rocha Neto;523;524
POINT(7187362.58742672 674223.40229879);null;524;525
POINT(7187108.28141344 674030.205088199);Praça 19 de Dezembro;525;526
POINT(7187070.75063115 674023.108589347);null;526;527
POINT(7187586.61553666 666152.320772986);null;527;528
POINT(7187627.93793047 666170.136499625);null;528;529
POINT(7187935.59789702 666023.363336858);null;529;530
POINT(7187941.5887027 666002.953483354);null;530;531
POINT(7187815.95332411 674252.597936359);null;531;532
POINT(7186036.82028874 673377.113608355);null;532;533
POINT(7186031.33192815 673371.459445898);null;533;534
POINT(7186379.62741551 673953.745568225);null;534;535
POINT(7187644.81737714 674168.489095751);null;535;536
POINT(7188143.97350618 674417.668354258);Assembleia Legislativa;536;537
POINT(7187116.47522942 672969.490005462);null;537;538
POINT(7186685.6393012 674563.793252897);null;538;539
POINT(7186651.35540826 674558.347266084);null;539;540
POINT(7186065.44774427 673742.759469642);Praça Zacarias;540;541
POINT(7186072.95586795 673755.8340249);Praça Zacarias;541;542
POINT(7186083.17270198 673771.901303625);Praça Zacarias;542;543
POINT(7186931.88151819 674098.231462221);null;543;544
POINT(7186943.58278 674108.303015505);null;544;545
POINT(7182184.254826 667815.377716401);null;545;546
POINT(7181849.5905968 667826.028174918);null;546;547
POINT(7181318.2665708 667818.826966413);null;547;548
POINT(7181690.45351482 667852.352630835);null;548;549
POINT(7181533.47115504 667813.700187603);null;549;550
POINT(7186985.64245867 673614.408701547);null;550;551
POINT(7183543.01772445 672431.40677965);Largo Ciro Silva;551;552
POINT(7186976.5744925 674346.433974924);null;552;553
POINT(7184788.11246971 671862.457583716);null;553;554
POINT(7186408.4732742 675317.665758512);null;554;555
POINT(7183902.65922919 672192.704683255);null;555;556
POINT(7187521.54721399 677741.330790024);null;556;557
POINT(7187437.60303389 677742.19136553);null;557;558
POINT(7187506.5724913 677457.153449381);null;558;559
POINT(7187379.86660079 677168.484292629);null;559;560
POINT(7187385.56463192 677143.869453286);null;560;561
POINT(7187497.76776901 678014.239847399);null;561;562
POINT(7187473.52103996 678027.249500446);null;562;563
POINT(7185113.72725841 672501.291060642);null;563;564
POINT(7179003.81364213 668336.080165736);null;564;565
POINT(7186594.39866177 671928.235654251);null;565;566
POINT(7183959.59247574 670994.827331284);null;566;567
POINT(7184049.03564861 671219.080636966);null;567;568
POINT(7184174.07090271 671533.362232296);null;568;569
POINT(7185211.44318812 674153.807584376);null;569;570
POINT(7183286.22630173 676983.293024493);null;570;571
POINT(7185063.518066 670226.346733942);null;571;572
POINT(7185501.58943026 674870.968989565);null;572;573
POINT(7183174.22610789 677235.134307603);null;573;574
POINT(7185297.56821205 674361.867759499);null;574;575
POINT(7185413.25052603 674648.025176903);null;575;576
POINT(7185023.17436714 673695.86360644);null;576;577
POINT(7184346.48133519 676300.134737538);null;577;578
POINT(7185680.61922065 669196.330237219);Estação Tubo Barigui;578;579
POINT(7184561.0419323 673903.617494228);null;579;580
POINT(7185920.44360393 670347.435144519);null;580;581
POINT(7186059.1398303 670688.641764378);null;581;582
POINT(7185191.79524944 673329.817869274);null;582;583
POINT(7186318.36740778 671277.730784789);null;583;584
POINT(7186484.13207146 671661.929639875);null;584;585
POINT(7186775.42269055 672365.08231561);null;585;586
POINT(7186692.92783951 672164.345651754);null;586;587
POINT(7186204.58325021 671004.832587362);null;587;588
POINT(7186366.022486 672503.51202773);null;588;589
POINT(7185977.29420697 672784.665390261);null;589;590
POINT(7184904.38027855 672456.22984993);null;590;591
POINT(7187030.88771047 673036.145295868);null;591;592
POINT(7186433.67597049 672448.568131363);null;592;593
POINT(7185089.04842479 672893.290199376);null;593;594
POINT(7188316.94758386 665916.902767431);null;594;595
POINT(7188400.56538933 665959.901170197);null;595;596
POINT(7186342.54946372 673547.197177177);null;596;597
POINT(7186086.66976761 672058.141705561);null;597;598
POINT(7185426.92048288 672122.38914124);null;598;599
POINT(7184746.57962258 672560.311545559);null;599;600
POINT(7183843.74150613 673170.681809891);null;600;601
POINT(7182593.27950991 672592.171187922);null;601;602
POINT(7187876.61690948 673024.3688526);null;602;603
POINT(7185725.883191 673567.830302686);Centenário C.Comprido - 303;603;604
POINT(7186521.35131218 674369.775633172);Novena - 360;604;605
POINT(7186495.91664027 674302.27252882);Circular Centro - 001;605;606
POINT(7185824.77325459 673763.584904604);Sta. Bárbara - 461;606;607
POINT(7185703.68881588 673530.463253729);Centenário C.Comprido - 303;607;608
POINT(7185831.54247627 673780.673584748);Petrópolis - 462;608;609
POINT(7192080.32102114 676880.403739302);null;609;610
POINT(7191908.16773025 677106.161248841);null;610;611
POINT(7191476.87173821 678093.649485847);null;611;612
POINT(7191257.94558472 677925.396710304);null;612;613
POINT(7191194.00096846 676419.551029686);null;613;614
POINT(7191035.92516192 676602.248671447);null;614;615
POINT(7189721.55164214 676347.566256188);null;615;616
POINT(7189292.52795269 676900.546750085);null;616;617
POINT(7189081.57759973 677048.614334344);null;617;618
POINT(7188946.58112719 676931.923598809);null;618;619
POINT(7188859.75896019 677205.770899645);null;619;620
POINT(7187952.48649208 676898.432522974);null;620;621
POINT(7187945.95552077 676931.650194975);null;621;622
POINT(7187427.19184545 677102.393255446);null;622;623
POINT(7187398.23682086 677066.756999327);null;623;624
POINT(7187150.28099613 676923.28685173);null;624;625
POINT(7187076.53239868 676918.894061961);null;625;626
POINT(7186761.06302369 676828.294493995);null;626;627
POINT(7186744.60683513 676800.02860367);null;627;628
POINT(7186381.11007381 676986.869627271);null;628;629
POINT(7185995.13347696 677219.659419447);null;629;630
POINT(7184139.82508258 678018.311820813);null;630;631
POINT(7185816.26406348 673786.74289778);Caiuá - 703;631;632
POINT(7185808.81291505 673769.273189043);Caiuá - 703;632;633
POINT(7185754.30816874 673642.509051053);Carmélia Dutra - 776;633;634
POINT(7185731.43879377 673602.527594076);Dom Ático - 662;634;635
POINT(7185814.90559708 673734.243578105);Erasto Gaertner - 465;635;636
POINT(7185796.57173941 673741.852740823);Fazendinha - 701;636;637
POINT(7185748.47645184 673630.009844359);Guilhermina - 561;637;638
POINT(7185707.37773049 673570.729483341);Novo Mundo - 666;638;639
POINT(7185782.51895308 673706.320869739);Santa Quitéria - 760;639;640
POINT(7185717.51379455 673584.491479795);Vila Cubas - 663;640;641
POINT(7185775.30032316 673689.709343091);Vila Isabel - 761;641;642
POINT(7185740.37698197 673616.39485372);Vila Rex - 665;642;643
POINT(7185761.0660501 673657.91745319);Vila Velha - 777;643;644
POINT(7182144.28111724 676129.99418727);null;644;645
POINT(7181834.07066058 676347.620068013);null;645;646
POINT(7181826.84563715 676340.173327836);null;646;647
POINT(7182137.20916853 676123.535029235);null;647;648
POINT(7192399.17606434 673613.335173209);null;648;649
POINT(7192563.53021226 673672.151378766);null;649;650
POINT(7193248.69671179 673794.210701182);null;650;651
POINT(7192878.35809462 673717.613168103);null;651;652
POINT(7193896.1927183 673970.500520427);null;652;653
POINT(7194320.15177663 673660.085181873);null;653;654
POINT(7194384.87571822 673930.109437005);null;654;655
POINT(7194092.36069436 673896.635425692);null;655;656
POINT(7193413.75484159 673861.949031911);null;656;657
POINT(7194509.65087212 673811.842396059);null;657;658
POINT(7194485.810313 673682.203619332);null;658;659
POINT(7193203.36092083 673770.404550355);null;659;660
POINT(7194584.03125291 673561.970501855);null;660;661
POINT(7175533.62770848 671739.908816223);null;661;662
POINT(7190486.33039358 666859.360496469);null;662;663
POINT(7190084.60612673 667556.41656908);null;663;664
POINT(7190506.83519466 667505.137372275);null;664;665
POINT(7190609.34779109 667485.051249936);Ouro Verde;665;666
POINT(7190592.07517435 667503.865047939);Ouro  Verde;666;667
POINT(7190614.5630458 667215.650576539);Ouro Verde;667;668
POINT(7190470.37243909 666844.631686901);Ouro Verde;668;669
POINT(7177086.49722298 676862.126721511);Ponto Flor da Suiça;669;670
POINT(7177079.03277031 676857.735165155);Ponto Flor da Suiça;670;671
POINT(7184068.78246734 677881.817301834);Intercampi;671;672
POINT(7181666.35267884 671253.299979623);null;672;673
POINT(7181623.25392657 671237.975942047);null;673;674
POINT(7182047.06869019 678543.961607664);null;674;675
POINT(7181679.6636459 678975.244925203);null;675;676
POINT(7181621.63947617 678660.220629946);null;676;677
POINT(7181377.81026796 679159.765196452);null;677;678
POINT(7181436.02901301 678958.50284515);null;678;679
POINT(7181304.96917438 679150.433530178);null;679;680
POINT(7181338.01182364 679186.476447381);null;680;681
POINT(7183698.80031726 676429.486703577);null;681;682
POINT(7183678.22715884 670711.123656698);null;682;683
POINT(7183581.56563287 670548.574147029);null;683;684
POINT(7184523.70151912 672865.682706603);null;684;685
POINT(7182877.65197952 670392.004487631);null;685;686
POINT(7184626.37649306 673122.500263872);null;686;687
POINT(7184886.01066201 673753.153823674);null;687;688
POINT(7184280.21949604 672228.534514597);null;688;689
POINT(7184767.9409566 673463.475109269);null;689;690
POINT(7184390.33832544 672512.15310317);null;690;691
POINT(7182817.33487658 670432.562896008);null;691;692
POINT(7183033.33733595 670535.663678207);null;692;693
POINT(7190651.96906449 673847.252749976);null;693;694
POINT(7191036.69919087 673615.229179361);null;694;695
POINT(7191212.1095686 673334.088506427);null;695;696
POINT(7190852.63965949 673877.643475448);null;696;697
POINT(7190881.2176319 673868.573508895);null;697;698
POINT(7190642.05374561 673824.985101473);null;698;699
POINT(7178992.4771414 666664.921017263);null;699;700
POINT(7179936.79135752 666371.657924473);null;700;701
POINT(7181582.27193723 665741.789330706);null;701;702
POINT(7182337.58991289 665375.34931876);null;702;703
POINT(7182786.84906585 665198.723067915);null;703;704
POINT(7184035.28221441 664745.324474381);null;704;705
POINT(7187268.20837116 669163.541179546);null;705;706
POINT(7185793.96108117 664281.69678933);null;706;707
POINT(7183958.37798044 678406.499577506);null;707;708
POINT(7187979.06625703 670948.088977715);null;708;709
POINT(7189595.92631196 667570.658757576);null;709;710
POINT(7182963.91427016 668402.280082761);null;710;711
POINT(7185211.98751405 678832.133178596);023 - Inter 2;711;712
POINT(7185150.46224147 678943.758793996);304 - Pinhais/ C. Comprido;712;713
POINT(7186682.14260656 674577.953126506);null;713;714
POINT(7186645.12910901 674560.912169316);null;714;715
POINT(7184831.61781991 679611.268890895);Estação-tubo Pastor Manoel V. de Souza;715;716
POINT(7185177.52986841 678902.090918913);304 - Pinhais/ C. Comprido;716;717
POINT(7184060.60238502 674825.875707525);Nossa S. da Luz;717;718
POINT(7183176.68357868 677091.146455155);null;718;719
POINT(7183317.83593341 677257.270466727);null;719;720
POINT(7184411.04398214 672703.201506972);null;720;721
POINT(7185590.99798976 673930.775108766);null;721;722
POINT(7185089.30250316 676093.262814419);null;722;723
POINT(7184961.81920381 676226.564110697);null;723;724
POINT(7184794.36547325 676586.925665286);null;724;725
POINT(7184752.42535358 677288.552759192);null;725;726
POINT(7186350.91936529 673908.71633719);Circular Centro;726;727
POINT(7187093.0295131 675326.457729521);null;727;728
POINT(7186967.96741455 675120.742671353);null;728;729
POINT(7186851.24994219 674872.111185198);null;729;730
POINT(7186759.9442673 674654.841596307);null;730;731
POINT(7185769.00942117 679284.606295891);null;731;732
POINT(7186725.18944372 677322.895963306);null;732;733
POINT(7186685.70293546 677265.169504168);null;733;734
POINT(7186597.36213302 677288.56043063);null;734;735
POINT(7188780.27406791 677043.254404195);null;735;736
